tipo,ambiente,dia,hora_inicio,hora_fin,curso_sigla,curso_nombre,grupo
Laboratorio,LABORATORIO 01,Lunes,07:00,07:50,TND,TALLER DE NARRATIVA DIGITAL,D
Laboratorio,LABORATORIO 01,Martes,07:00,07:50,IDW,INTRODUCCION AL DESARROLLO WEB,A
Laboratorio,LABORATORIO 01,Miércoles,07:00,07:50,IDW,INTRODUCCION AL DESARROLLO WEB,A
Laboratorio,LABORATORIO 01,Jueves,07:00,07:50,TND,TALLER DE NARRATIVA DIGITAL,B
Laboratorio,LABORATORIO 01,Lunes,07:50,08:40,TND,TALLER DE NARRATIVA DIGITAL,D
Laboratorio,LABORATORIO 01,Martes,07:50,08:40,IDW,INTRODUCCION AL DESARROLLO WEB,A
Laboratorio,LABORATORIO 01,Miércoles,07:50,08:40,IDW,INTRODUCCION AL DESARROLLO WEB,A
Laboratorio,LABORATORIO 01,Jueves,07:50,08:40,TND,TALLER DE NARRATIVA DIGITAL,B
Laboratorio,LABORATORIO 01,Lunes,08:50,09:40,TND,TALLER DE NARRATIVA DIGITAL,E
Laboratorio,LABORATORIO 01,Martes,08:50,09:40,IDW,INTRODUCCION AL DESARROLLO WEB,C
Laboratorio,LABORATORIO 01,Miércoles,08:50,09:40,IDW,INTRODUCCION AL DESARROLLO WEB,C
Laboratorio,LABORATORIO 01,Jueves,08:50,09:40,MN,METODOS NUMERICOS,D
Laboratorio,LABORATORIO 01,Viernes,08:50,09:40,MN,METODOS NUMERICOS,B
Laboratorio,LABORATORIO 01,Lunes,09:40,10:30,TND,TALLER DE NARRATIVA DIGITAL,E
Laboratorio,LABORATORIO 01,Martes,09:40,10:30,IDW,INTRODUCCION AL DESARROLLO WEB,C
Laboratorio,LABORATORIO 01,Miércoles,09:40,10:30,IDW,INTRODUCCION AL DESARROLLO WEB,C
Laboratorio,LABORATORIO 01,Jueves,09:40,10:30,MN,METODOS NUMERICOS,D
Laboratorio,LABORATORIO 01,Viernes,09:40,10:30,MN,METODOS NUMERICOS,B
Laboratorio,LABORATORIO 01,Viernes,10:40,11:30,MN,METODOS NUMERICOS,F
Laboratorio,LABORATORIO 01,Viernes,11:30,12:20,MN,METODOS NUMERICOS,F
Laboratorio,LABORATORIO 01,Lunes,12:20,13:10,DSOO,DESARROLLO DE SOFTWARE ORIENTADO A OBJETOS,B
Laboratorio,LABORATORIO 01,Miércoles,12:20,13:10,TND,TALLER DE NARRATIVA DIGITAL,A
Laboratorio,LABORATORIO 01,Viernes,12:20,13:10,DSOO,DESARROLLO DE SOFTWARE ORIENTADO A OBJETOS,F
Laboratorio,LABORATORIO 01,Lunes,13:10,14:00,DSOO,DESARROLLO DE SOFTWARE ORIENTADO A OBJETOS,B
Laboratorio,LABORATORIO 01,Miércoles,13:10,14:00,TND,TALLER DE NARRATIVA DIGITAL,A
Laboratorio,LABORATORIO 01,Viernes,13:10,14:00,DSOO,DESARROLLO DE SOFTWARE ORIENTADO A OBJETOS,F
Laboratorio,LABORATORIO 01,Lunes,14:00,14:50,MN,METODOS NUMERICOS,A
Laboratorio,LABORATORIO 01,Martes,14:00,14:50,DSOO,DESARROLLO DE SOFTWARE ORIENTADO A OBJETOS,A
Laboratorio,LABORATORIO 01,Miércoles,14:00,14:50,DSOO,DESARROLLO DE SOFTWARE ORIENTADO A OBJETOS,C
Laboratorio,LABORATORIO 01,Viernes,14:00,14:50,TND,TALLER DE NARRATIVA DIGITAL,F
Laboratorio,LABORATORIO 01,Lunes,14:50,15:40,MN,METODOS NUMERICOS,A
Laboratorio,LABORATORIO 01,Martes,14:50,15:40,DSOO,DESARROLLO DE SOFTWARE ORIENTADO A OBJETOS,A
Laboratorio,LABORATORIO 01,Miércoles,14:50,15:40,DSOO,DESARROLLO DE SOFTWARE ORIENTADO A OBJETOS,C
Laboratorio,LABORATORIO 01,Viernes,14:50,15:40,TND,TALLER DE NARRATIVA DIGITAL,F
Laboratorio,LABORATORIO 01,Lunes,15:50,16:40,DSOO,DESARROLLO DE SOFTWARE ORIENTADO A OBJETOS,E
Laboratorio,LABORATORIO 01,Miércoles,15:50,16:40,MN,METODOS NUMERICOS,C
Laboratorio,LABORATORIO 01,Lunes,16:40,17:30,DSOO,DESARROLLO DE SOFTWARE ORIENTADO A OBJETOS,E
Laboratorio,LABORATORIO 01,Miércoles,16:40,17:30,MN,METODOS NUMERICOS,C
Laboratorio,LABORATORIO 01,Miércoles,17:40,18:30,TND,TALLER DE NARRATIVA DIGITAL,C
Laboratorio,LABORATORIO 01,Jueves,17:40,18:30,MN,METODOS NUMERICOS,E
Laboratorio,LABORATORIO 01,Viernes,17:40,18:30,IDW,INTRODUCCION AL DESARROLLO WEB,D
Laboratorio,LABORATORIO 01,Lunes,18:30,19:20,IDW,INTRODUCCION AL DESARROLLO WEB,D
Laboratorio,LABORATORIO 01,Martes,18:30,19:20,DSOO,DESARROLLO DE SOFTWARE ORIENTADO A OBJETOS,D
Laboratorio,LABORATORIO 01,Miércoles,18:30,19:20,TND,TALLER DE NARRATIVA DIGITAL,C
Laboratorio,LABORATORIO 01,Jueves,18:30,19:20,MN,METODOS NUMERICOS,E
Laboratorio,LABORATORIO 01,Viernes,18:30,19:20,IDW,INTRODUCCION AL DESARROLLO WEB,D
Laboratorio,LABORATORIO 01,Lunes,19:20,20:10,IDW,INTRODUCCION AL DESARROLLO WEB,D
Laboratorio,LABORATORIO 01,Martes,19:20,20:10,DSOO,DESARROLLO DE SOFTWARE ORIENTADO A OBJETOS,D
Laboratorio,LABORATORIO 02,Miércoles,07:00,07:50,CS,CALIDAD DE SOFTWARE,C
Laboratorio,LABORATORIO 02,Viernes,07:00,07:50,PIS2,PROYECTO DE INGENIERIA DE SOFTWARE 2,A
Laboratorio,LABORATORIO 02,Miércoles,07:50,08:40,CS,CALIDAD DE SOFTWARE,C
Laboratorio,LABORATORIO 02,Viernes,07:50,08:40,PIS2,PROYECTO DE INGENIERIA DE SOFTWARE 2,A
Laboratorio,LABORATORIO 02,Lunes,08:50,09:40,CS,CALIDAD DE SOFTWARE,C
Laboratorio,LABORATORIO 02,Miércoles,08:50,09:40,ADA,ANALISIS Y DISENO DE ALGORITMOS,C
Laboratorio,LABORATORIO 02,Viernes,08:50,09:40,PIS2,PROYECTO DE INGENIERIA DE SOFTWARE 2,C
Laboratorio,LABORATORIO 02,Lunes,09:40,10:30,CS,CALIDAD DE SOFTWARE,C
Laboratorio,LABORATORIO 02,Miércoles,09:40,10:30,ADA,ANALISIS Y DISENO DE ALGORITMOS,C
Laboratorio,LABORATORIO 02,Viernes,09:40,10:30,PIS2,PROYECTO DE INGENIERIA DE SOFTWARE 2,C
Laboratorio,LABORATORIO 02,Lunes,10:40,11:30,ADA,ANALISIS Y DISENO DE ALGORITMOS,A
Laboratorio,LABORATORIO 02,Jueves,10:40,11:30,ADA,ANALISIS Y DISENO DE ALGORITMOS,E
Laboratorio,LABORATORIO 02,Lunes,11:30,12:20,ADA,ANALISIS Y DISENO DE ALGORITMOS,A
Laboratorio,LABORATORIO 02,Jueves,11:30,12:20,ADA,ANALISIS Y DISENO DE ALGORITMOS,E
Laboratorio,LABORATORIO 02,Lunes,14:00,14:50,PIS2,PROYECTO DE INGENIERIA DE SOFTWARE 2,D
Laboratorio,LABORATORIO 02,Martes,14:00,14:50,ADA,ANALISIS Y DISENO DE ALGORITMOS,D
Laboratorio,LABORATORIO 02,Miércoles,14:00,14:50,PIS2,PROYECTO DE INGENIERIA DE SOFTWARE 2,B
Laboratorio,LABORATORIO 02,Lunes,14:50,15:40,PIS2,PROYECTO DE INGENIERIA DE SOFTWARE 2,D
Laboratorio,LABORATORIO 02,Martes,14:50,15:40,ADA,ANALISIS Y DISENO DE ALGORITMOS,D
Laboratorio,LABORATORIO 02,Miércoles,14:50,15:40,PIS2,PROYECTO DE INGENIERIA DE SOFTWARE 2,B
Laboratorio,LABORATORIO 02,Lunes,17:40,18:30,ADA,ANALISIS Y DISENO DE ALGORITMOS,B
Laboratorio,LABORATORIO 02,Miércoles,17:40,18:30,ADA,ANALISIS Y DISENO DE ALGORITMOS,F
Laboratorio,LABORATORIO 02,Lunes,18:30,19:20,ADA,ANALISIS Y DISENO DE ALGORITMOS,B
Laboratorio,LABORATORIO 02,Miércoles,18:30,19:20,ADA,ANALISIS Y DISENO DE ALGORITMOS,F
Laboratorio,LABORATORIO 03,Lunes,07:00,07:50,CS,CALIDAD DE SOFTWARE,A
Laboratorio,LABORATORIO 03,Martes,07:00,07:50,CS,CALIDAD DE SOFTWARE,A
Laboratorio,LABORATORIO 03,Jueves,07:00,07:50,CS,CALIDAD DE SOFTWARE,E
Laboratorio,LABORATORIO 03,Viernes,07:00,07:50,CS,CALIDAD DE SOFTWARE,E
Laboratorio,LABORATORIO 03,Lunes,07:50,08:40,CS,CALIDAD DE SOFTWARE,A
Laboratorio,LABORATORIO 03,Martes,07:50,08:40,CS,CALIDAD DE SOFTWARE,A
Laboratorio,LABORATORIO 03,Miércoles,07:50,08:40,IDW,INTRODUCCION AL DESARROLLO WEB,B
Laboratorio,LABORATORIO 03,Jueves,07:50,08:40,CS,CALIDAD DE SOFTWARE,E
Laboratorio,LABORATORIO 03,Viernes,07:50,08:40,CS,CALIDAD DE SOFTWARE,E
Laboratorio,LABORATORIO 03,Lunes,08:50,09:40,IDW,INTRODUCCION AL DESARROLLO WEB,B
Laboratorio,LABORATORIO 03,Miércoles,08:50,09:40,IDW,INTRODUCCION AL DESARROLLO WEB,B
Laboratorio,LABORATORIO 03,Viernes,08:50,09:40,AFVE,ASPECTOS FORMALES DE VERIFICACION Y ESPECIFICACION,D
Laboratorio,LABORATORIO 03,Lunes,09:40,10:30,IDW,INTRODUCCION AL DESARROLLO WEB,B
Laboratorio,LABORATORIO 03,Martes,09:40,10:30,AC,ARQUITECTURA DE COMPUTADORAS,A
Laboratorio,LABORATORIO 03,Miércoles,09:40,10:30,IDW,INTRODUCCION AL DESARROLLO WEB,E
Laboratorio,LABORATORIO 03,Jueves,09:40,10:30,AFVE,ASPECTOS FORMALES DE VERIFICACION Y ESPECIFICACION,B
Laboratorio,LABORATORIO 03,Viernes,09:40,10:30,AFVE,ASPECTOS FORMALES DE VERIFICACION Y ESPECIFICACION,D
Laboratorio,LABORATORIO 03,Lunes,10:40,11:30,IDW,INTRODUCCION AL DESARROLLO WEB,E
Laboratorio,LABORATORIO 03,Martes,10:40,11:30,AC,ARQUITECTURA DE COMPUTADORAS,A
Laboratorio,LABORATORIO 03,Miércoles,10:40,11:30,IDW,INTRODUCCION AL DESARROLLO WEB,E
Laboratorio,LABORATORIO 03,Jueves,10:40,11:30,AFVE,ASPECTOS FORMALES DE VERIFICACION Y ESPECIFICACION,B
Laboratorio,LABORATORIO 03,Viernes,10:40,11:30,AC,ARQUITECTURA DE COMPUTADORAS,E
Laboratorio,LABORATORIO 03,Lunes,11:30,12:20,IDW,INTRODUCCION AL DESARROLLO WEB,E
Laboratorio,LABORATORIO 03,Martes,11:30,12:20,AC,ARQUITECTURA DE COMPUTADORAS,C
Laboratorio,LABORATORIO 03,Miércoles,11:30,12:20,SO,SISTEMAS OPERATIVOS,D
Laboratorio,LABORATORIO 03,Jueves,11:30,12:20,SO,SISTEMAS OPERATIVOS,B
Laboratorio,LABORATORIO 03,Viernes,11:30,12:20,AC,ARQUITECTURA DE COMPUTADORAS,E
Laboratorio,LABORATORIO 03,Martes,12:20,13:10,AC,ARQUITECTURA DE COMPUTADORAS,C
Laboratorio,LABORATORIO 03,Miércoles,12:20,13:10,SO,SISTEMAS OPERATIVOS,D
Laboratorio,LABORATORIO 03,Jueves,12:20,13:10,SO,SISTEMAS OPERATIVOS,B
Laboratorio,LABORATORIO 03,Viernes,12:20,13:10,AFVE,ASPECTOS FORMALES DE VERIFICACION Y ESPECIFICACION,F
Laboratorio,LABORATORIO 03,Martes,13:10,14:00,AFVE,ASPECTOS FORMALES DE VERIFICACION Y ESPECIFICACION,A
Laboratorio,LABORATORIO 03,Viernes,13:10,14:00,AFVE,ASPECTOS FORMALES DE VERIFICACION Y ESPECIFICACION,F
Laboratorio,LABORATORIO 03,Lunes,14:00,14:50,CS,CALIDAD DE SOFTWARE,B
Laboratorio,LABORATORIO 03,Martes,14:00,14:50,AFVE,ASPECTOS FORMALES DE VERIFICACION Y ESPECIFICACION,A
Laboratorio,LABORATORIO 03,Jueves,14:00,14:50,AFVE,ASPECTOS FORMALES DE VERIFICACION Y ESPECIFICACION,C
Laboratorio,LABORATORIO 03,Viernes,14:00,14:50,CS,CALIDAD DE SOFTWARE,D
Laboratorio,LABORATORIO 03,Lunes,14:50,15:40,CS,CALIDAD DE SOFTWARE,B
Laboratorio,LABORATORIO 03,Martes,14:50,15:40,SO,SISTEMAS OPERATIVOS,C
Laboratorio,LABORATORIO 03,Miércoles,14:50,15:40,CS,CALIDAD DE SOFTWARE,D
Laboratorio,LABORATORIO 03,Jueves,14:50,15:40,AFVE,ASPECTOS FORMALES DE VERIFICACION Y ESPECIFICACION,C
Laboratorio,LABORATORIO 03,Viernes,14:50,15:40,CS,CALIDAD DE SOFTWARE,D
Laboratorio,LABORATORIO 03,Martes,15:50,16:40,SO,SISTEMAS OPERATIVOS,C
Laboratorio,LABORATORIO 03,Miércoles,15:50,16:40,CS,CALIDAD DE SOFTWARE,D
Laboratorio,LABORATORIO 03,Viernes,15:50,16:40,SO,SISTEMAS OPERATIVOS,E
Laboratorio,LABORATORIO 03,Lunes,16:40,17:30,IDW,INTRODUCCION AL DESARROLLO WEB,F
Laboratorio,LABORATORIO 03,Martes,16:40,17:30,IDW,INTRODUCCION AL DESARROLLO WEB,F
Laboratorio,LABORATORIO 03,Miércoles,16:40,17:30,CS,CALIDAD DE SOFTWARE,B
Laboratorio,LABORATORIO 03,Jueves,16:40,17:30,CS,CALIDAD DE SOFTWARE,F
Laboratorio,LABORATORIO 03,Viernes,16:40,17:30,SO,SISTEMAS OPERATIVOS,E
Laboratorio,LABORATORIO 03,Lunes,17:40,18:30,IDW,INTRODUCCION AL DESARROLLO WEB,F
Laboratorio,LABORATORIO 03,Martes,17:40,18:30,IDW,INTRODUCCION AL DESARROLLO WEB,F
Laboratorio,LABORATORIO 03,Miércoles,17:40,18:30,CS,CALIDAD DE SOFTWARE,B
Laboratorio,LABORATORIO 03,Jueves,17:40,18:30,CS,CALIDAD DE SOFTWARE,F
Laboratorio,LABORATORIO 03,Lunes,18:30,19:20,SO,SISTEMAS OPERATIVOS,A
Laboratorio,LABORATORIO 03,Martes,18:30,19:20,AFVE,ASPECTOS FORMALES DE VERIFICACION Y ESPECIFICACION,E
Laboratorio,LABORATORIO 03,Miércoles,18:30,19:20,SO,SISTEMAS OPERATIVOS,F
Laboratorio,LABORATORIO 03,Jueves,18:30,19:20,AC,ARQUITECTURA DE COMPUTADORAS,F
Laboratorio,LABORATORIO 03,Viernes,18:30,19:20,CS,CALIDAD DE SOFTWARE,F
Laboratorio,LABORATORIO 03,Lunes,19:20,20:10,SO,SISTEMAS OPERATIVOS,A
Laboratorio,LABORATORIO 03,Martes,19:20,20:10,AFVE,ASPECTOS FORMALES DE VERIFICACION Y ESPECIFICACION,E
Laboratorio,LABORATORIO 03,Miércoles,19:20,20:10,SO,SISTEMAS OPERATIVOS,F
Laboratorio,LABORATORIO 03,Jueves,19:20,20:10,AC,ARQUITECTURA DE COMPUTADORAS,F
Laboratorio,LABORATORIO 03,Viernes,19:20,20:10,CS,CALIDAD DE SOFTWARE,F
Laboratorio,LABORATORIO 04,Lunes,07:00,07:50,PE,PLATAFORMAS EMERGENTES,B
Laboratorio,LABORATORIO 04,Martes,07:00,07:50,PE,PLATAFORMAS EMERGENTES,D
Laboratorio,LABORATORIO 04,Jueves,07:00,07:50,IHC,INTERACCION HUMANO COMPUTADOR,A
Laboratorio,LABORATORIO 04,Viernes,07:00,07:50,TO,TECNOLOGIA DE OBJETOS,D
Laboratorio,LABORATORIO 04,Lunes,07:50,08:40,PE,PLATAFORMAS EMERGENTES,B
Laboratorio,LABORATORIO 04,Martes,07:50,08:40,PE,PLATAFORMAS EMERGENTES,D
Laboratorio,LABORATORIO 04,Miércoles,07:50,08:40,GPS,GESTION DE PROYECTOS DE SOFTWARE,B
Laboratorio,LABORATORIO 04,Jueves,07:50,08:40,IHC,INTERACCION HUMANO COMPUTADOR,A
Laboratorio,LABORATORIO 04,Viernes,07:50,08:40,TO,TECNOLOGIA DE OBJETOS,D
Laboratorio,LABORATORIO 04,Lunes,08:50,09:40,NE,NEGOCIOS ELECTRONICOS,B
Laboratorio,LABORATORIO 04,Miércoles,08:50,09:40,GPS,GESTION DE PROYECTOS DE SOFTWARE,B
Laboratorio,LABORATORIO 04,Jueves,08:50,09:40,IHC,INTERACCION HUMANO COMPUTADOR,E
Laboratorio,LABORATORIO 04,Viernes,08:50,09:40,TO,TECNOLOGIA DE OBJETOS,F
Laboratorio,LABORATORIO 04,Lunes,09:40,10:30,NE,NEGOCIOS ELECTRONICOS,B
Laboratorio,LABORATORIO 04,Miércoles,09:40,10:30,NE,NEGOCIOS ELECTRONICOS,D
Laboratorio,LABORATORIO 04,Jueves,09:40,10:30,IHC,INTERACCION HUMANO COMPUTADOR,E
Laboratorio,LABORATORIO 04,Viernes,09:40,10:30,TO,TECNOLOGIA DE OBJETOS,F
Laboratorio,LABORATORIO 04,Lunes,10:40,11:30,EMAT,"ESTADISTICA MATEMATICA, PROBABILIDADES Y METODOS EMPIRICOS",B
Laboratorio,LABORATORIO 04,Miércoles,10:40,11:30,NE,NEGOCIOS ELECTRONICOS,D
Laboratorio,LABORATORIO 04,Jueves,10:40,11:30,EMAT,"ESTADISTICA MATEMATICA, PROBABILIDADES Y METODOS EMPIRICOS",D
Laboratorio,LABORATORIO 04,Viernes,10:40,11:30,GPS,GESTION DE PROYECTOS DE SOFTWARE,F
Laboratorio,LABORATORIO 04,Lunes,11:30,12:20,EMAT,"ESTADISTICA MATEMATICA, PROBABILIDADES Y METODOS EMPIRICOS",B
Laboratorio,LABORATORIO 04,Miércoles,11:30,12:20,TO,TECNOLOGIA DE OBJETOS,B
Laboratorio,LABORATORIO 04,Jueves,11:30,12:20,EMAT,"ESTADISTICA MATEMATICA, PROBABILIDADES Y METODOS EMPIRICOS",D
Laboratorio,LABORATORIO 04,Viernes,11:30,12:20,GPS,GESTION DE PROYECTOS DE SOFTWARE,F
Laboratorio,LABORATORIO 04,Miércoles,12:20,13:10,TO,TECNOLOGIA DE OBJETOS,B
Laboratorio,LABORATORIO 04,Jueves,12:20,13:10,GPS,GESTION DE PROYECTOS DE SOFTWARE,D
Laboratorio,LABORATORIO 04,Viernes,12:20,13:10,NE,NEGOCIOS ELECTRONICOS,F
Laboratorio,LABORATORIO 04,Jueves,13:10,14:00,GPS,GESTION DE PROYECTOS DE SOFTWARE,D
Laboratorio,LABORATORIO 04,Viernes,13:10,14:00,NE,NEGOCIOS ELECTRONICOS,F
Laboratorio,LABORATORIO 04,Martes,14:00,14:50,NE,NEGOCIOS ELECTRONICOS,A
Laboratorio,LABORATORIO 04,Miércoles,14:00,14:50,PE,PLATAFORMAS EMERGENTES,C
Laboratorio,LABORATORIO 04,Jueves,14:00,14:50,IHC,INTERACCION HUMANO COMPUTADOR,D
Laboratorio,LABORATORIO 04,Viernes,14:00,14:50,GPS,GESTION DE PROYECTOS DE SOFTWARE,E
Laboratorio,LABORATORIO 04,Lunes,14:50,15:40,NE,NEGOCIOS ELECTRONICOS,C
Laboratorio,LABORATORIO 04,Martes,14:50,15:40,NE,NEGOCIOS ELECTRONICOS,A
Laboratorio,LABORATORIO 04,Miércoles,14:50,15:40,PE,PLATAFORMAS EMERGENTES,C
Laboratorio,LABORATORIO 04,Jueves,14:50,15:40,IHC,INTERACCION HUMANO COMPUTADOR,D
Laboratorio,LABORATORIO 04,Viernes,14:50,15:40,GPS,GESTION DE PROYECTOS DE SOFTWARE,E
Laboratorio,LABORATORIO 04,Lunes,15:50,16:40,NE,NEGOCIOS ELECTRONICOS,C
Laboratorio,LABORATORIO 04,Martes,15:50,16:40,GPS,GESTION DE PROYECTOS DE SOFTWARE,A
Laboratorio,LABORATORIO 04,Miércoles,15:50,16:40,TO,TECNOLOGIA DE OBJETOS,C
Laboratorio,LABORATORIO 04,Jueves,15:50,16:40,IHC,INTERACCION HUMANO COMPUTADOR,F
Laboratorio,LABORATORIO 04,Lunes,16:40,17:30,TO,TECNOLOGIA DE OBJETOS,A
Laboratorio,LABORATORIO 04,Martes,16:40,17:30,GPS,GESTION DE PROYECTOS DE SOFTWARE,A
Laboratorio,LABORATORIO 04,Miércoles,16:40,17:30,TO,TECNOLOGIA DE OBJETOS,C
Laboratorio,LABORATORIO 04,Jueves,16:40,17:30,IHC,INTERACCION HUMANO COMPUTADOR,F
Laboratorio,LABORATORIO 04,Lunes,17:40,18:30,TO,TECNOLOGIA DE OBJETOS,A
Laboratorio,LABORATORIO 04,Miércoles,17:40,18:30,GPS,GESTION DE PROYECTOS DE SOFTWARE,C
Laboratorio,LABORATORIO 04,Jueves,17:40,18:30,TO,TECNOLOGIA DE OBJETOS,E
Laboratorio,LABORATORIO 04,Viernes,17:40,18:30,EMAT,"ESTADISTICA MATEMATICA, PROBABILIDADES Y METODOS EMPIRICOS",C
Laboratorio,LABORATORIO 04,Lunes,18:30,19:20,NE,NEGOCIOS ELECTRONICOS,E
Laboratorio,LABORATORIO 04,Martes,18:30,19:20,PE,PLATAFORMAS EMERGENTES,A
Laboratorio,LABORATORIO 04,Miércoles,18:30,19:20,GPS,GESTION DE PROYECTOS DE SOFTWARE,C
Laboratorio,LABORATORIO 04,Jueves,18:30,19:20,TO,TECNOLOGIA DE OBJETOS,E
Laboratorio,LABORATORIO 04,Viernes,18:30,19:20,EMAT,"ESTADISTICA MATEMATICA, PROBABILIDADES Y METODOS EMPIRICOS",C
Laboratorio,LABORATORIO 04,Lunes,19:20,20:10,NE,NEGOCIOS ELECTRONICOS,E
Laboratorio,LABORATORIO 04,Martes,19:20,20:10,PE,PLATAFORMAS EMERGENTES,A
Laboratorio,LABORATORIO 05,Martes,07:00,07:50,DAS,DISENO Y ARQUITECTURA DE SOFTWARE,C
Laboratorio,LABORATORIO 05,Jueves,07:00,07:50,IDSE,INTRODUCCION AL DESARROLLO DE SOFTWARE DE ENTRETENIMIENTO,E
Laboratorio,LABORATORIO 05,Martes,07:50,08:40,DAS,DISENO Y ARQUITECTURA DE SOFTWARE,C
Laboratorio,LABORATORIO 05,Miércoles,07:50,08:40,DAS,DISENO Y ARQUITECTURA DE SOFTWARE,B
Laboratorio,LABORATORIO 05,Jueves,07:50,08:40,IDSE,INTRODUCCION AL DESARROLLO DE SOFTWARE DE ENTRETENIMIENTO,E
Laboratorio,LABORATORIO 05,Martes,08:50,09:40,DAS,DISENO Y ARQUITECTURA DE SOFTWARE,E
Laboratorio,LABORATORIO 05,Miércoles,08:50,09:40,DAS,DISENO Y ARQUITECTURA DE SOFTWARE,B
Laboratorio,LABORATORIO 05,Lunes,09:40,10:30,IDSE,INTRODUCCION AL DESARROLLO DE SOFTWARE DE ENTRETENIMIENTO,A
Laboratorio,LABORATORIO 05,Martes,09:40,10:30,DAS,DISENO Y ARQUITECTURA DE SOFTWARE,E
Laboratorio,LABORATORIO 05,Jueves,09:40,10:30,RyCD,REDES Y COMUNICACION DE DATOS,B
Laboratorio,LABORATORIO 05,Lunes,10:40,11:30,IDSE,INTRODUCCION AL DESARROLLO DE SOFTWARE DE ENTRETENIMIENTO,A
Laboratorio,LABORATORIO 05,Jueves,10:40,11:30,RyCD,REDES Y COMUNICACION DE DATOS,B
Laboratorio,LABORATORIO 05,Jueves,11:30,12:20,RyCD,REDES Y COMUNICACION DE DATOS,C
Laboratorio,LABORATORIO 05,Viernes,11:30,12:20,IDSE,INTRODUCCION AL DESARROLLO DE SOFTWARE DE ENTRETENIMIENTO,C
Laboratorio,LABORATORIO 05,Jueves,12:20,13:10,RyCD,REDES Y COMUNICACION DE DATOS,C
Laboratorio,LABORATORIO 05,Viernes,12:20,13:10,IDSE,INTRODUCCION AL DESARROLLO DE SOFTWARE DE ENTRETENIMIENTO,C
Laboratorio,LABORATORIO 05,Martes,13:10,14:00,IHC,INTERACCION HUMANO COMPUTADOR,B
Laboratorio,LABORATORIO 05,Viernes,13:10,14:00,IDSE,INTRODUCCION AL DESARROLLO DE SOFTWARE DE ENTRETENIMIENTO,D
Laboratorio,LABORATORIO 05,Martes,14:00,14:50,IHC,INTERACCION HUMANO COMPUTADOR,B
Laboratorio,LABORATORIO 05,Jueves,14:00,14:50,DAS,DISENO Y ARQUITECTURA DE SOFTWARE,F
Laboratorio,LABORATORIO 05,Viernes,14:00,14:50,IDSE,INTRODUCCION AL DESARROLLO DE SOFTWARE DE ENTRETENIMIENTO,D
Laboratorio,LABORATORIO 05,Jueves,14:50,15:40,DAS,DISENO Y ARQUITECTURA DE SOFTWARE,F
Laboratorio,LABORATORIO 05,Lunes,15:50,16:40,IHC,INTERACCION HUMANO COMPUTADOR,C
Laboratorio,LABORATORIO 05,Martes,15:50,16:40,RyCD,REDES Y COMUNICACION DE DATOS,F
Laboratorio,LABORATORIO 05,Miércoles,15:50,16:40,DAS,DISENO Y ARQUITECTURA DE SOFTWARE,A
Laboratorio,LABORATORIO 05,Jueves,15:50,16:40,RyCD,REDES Y COMUNICACION DE DATOS,D
Laboratorio,LABORATORIO 05,Viernes,15:50,16:40,DAS,DISENO Y ARQUITECTURA DE SOFTWARE,D
Laboratorio,LABORATORIO 05,Lunes,16:40,17:30,IHC,INTERACCION HUMANO COMPUTADOR,C
Laboratorio,LABORATORIO 05,Martes,16:40,17:30,RyCD,REDES Y COMUNICACION DE DATOS,F
Laboratorio,LABORATORIO 05,Miércoles,16:40,17:30,DAS,DISENO Y ARQUITECTURA DE SOFTWARE,A
Laboratorio,LABORATORIO 05,Jueves,16:40,17:30,RyCD,REDES Y COMUNICACION DE DATOS,D
Laboratorio,LABORATORIO 05,Viernes,16:40,17:30,DAS,DISENO Y ARQUITECTURA DE SOFTWARE,D
Laboratorio,LABORATORIO 05,Lunes,17:40,18:30,EMAT,"ESTADISTICA MATEMATICA, PROBABILIDADES Y METODOS EMPIRICOS",A
Laboratorio,LABORATORIO 05,Martes,17:40,18:30,IDSE,INTRODUCCION AL DESARROLLO DE SOFTWARE DE ENTRETENIMIENTO,F
Laboratorio,LABORATORIO 05,Lunes,18:30,19:20,EMAT,"ESTADISTICA MATEMATICA, PROBABILIDADES Y METODOS EMPIRICOS",A
Laboratorio,LABORATORIO 05,Martes,18:30,19:20,IDSE,INTRODUCCION AL DESARROLLO DE SOFTWARE DE ENTRETENIMIENTO,F
Laboratorio,LABORATORIO 05,Miércoles,18:30,19:20,IDSE,INTRODUCCION AL DESARROLLO DE SOFTWARE DE ENTRETENIMIENTO,B
Laboratorio,LABORATORIO 05,Miércoles,19:20,20:10,IDSE,INTRODUCCION AL DESARROLLO DE SOFTWARE DE ENTRETENIMIENTO,B
Laboratorio,LABORATORIO 06,Lunes,07:00,07:50,TAIS,TOPICOS AVANZADOS EN INGENIERIA DE SOFTWARE,A
Laboratorio,LABORATORIO 06,Martes,07:00,07:50,DSJ,DESARROLLO DE SOFTWARE PARA JUEGOS,A
Laboratorio,LABORATORIO 06,Miércoles,07:00,07:50,IDNP,INTRODUCCION AL DESARROLLO DE NUEVAS PLATAFORMAS,E
Laboratorio,LABORATORIO 06,Jueves,07:00,07:50,DSJ,DESARROLLO DE SOFTWARE PARA JUEGOS,C
Laboratorio,LABORATORIO 06,Lunes,07:50,08:40,TAIS,TOPICOS AVANZADOS EN INGENIERIA DE SOFTWARE,A
Laboratorio,LABORATORIO 06,Martes,07:50,08:40,DSJ,DESARROLLO DE SOFTWARE PARA JUEGOS,A
Laboratorio,LABORATORIO 06,Miércoles,07:50,08:40,IDNP,INTRODUCCION AL DESARROLLO DE NUEVAS PLATAFORMAS,E
Laboratorio,LABORATORIO 06,Jueves,07:50,08:40,DSJ,DESARROLLO DE SOFTWARE PARA JUEGOS,C
Laboratorio,LABORATORIO 06,Lunes,08:50,09:40,TAIS,TOPICOS AVANZADOS EN INGENIERIA DE SOFTWARE,B
Laboratorio,LABORATORIO 06,Martes,08:50,09:40,GSTI,GESTION DE SISTEMAS Y TECNOLOGIAS DE INFORMACION,A
Laboratorio,LABORATORIO 06,Miércoles,08:50,09:40,RyCD,REDES Y COMUNICACION DE DATOS,A
Laboratorio,LABORATORIO 06,Jueves,08:50,09:40,CS,CALIDAD DE SOFTWARE,D
Laboratorio,LABORATORIO 06,Viernes,08:50,09:40,CS,CALIDAD DE SOFTWARE,F
Laboratorio,LABORATORIO 06,Lunes,09:40,10:30,TAIS,TOPICOS AVANZADOS EN INGENIERIA DE SOFTWARE,B
Laboratorio,LABORATORIO 06,Martes,09:40,10:30,GSTI,GESTION DE SISTEMAS Y TECNOLOGIAS DE INFORMACION,A
Laboratorio,LABORATORIO 06,Miércoles,09:40,10:30,RyCD,REDES Y COMUNICACION DE DATOS,A
Laboratorio,LABORATORIO 06,Jueves,09:40,10:30,CS,CALIDAD DE SOFTWARE,D
Laboratorio,LABORATORIO 06,Viernes,09:40,10:30,CS,CALIDAD DE SOFTWARE,F
Laboratorio,LABORATORIO 06,Lunes,10:40,11:30,IDNP,INTRODUCCION AL DESARROLLO DE NUEVAS PLATAFORMAS,C
Laboratorio,LABORATORIO 06,Miércoles,10:40,11:30,GSTI,GESTION DE SISTEMAS Y TECNOLOGIAS DE INFORMACION,C
Laboratorio,LABORATORIO 06,Jueves,10:40,11:30,CS,CALIDAD DE SOFTWARE,B
Laboratorio,LABORATORIO 06,Viernes,10:40,11:30,IDNP,INTRODUCCION AL DESARROLLO DE NUEVAS PLATAFORMAS,A
Laboratorio,LABORATORIO 06,Lunes,11:30,12:20,IDNP,INTRODUCCION AL DESARROLLO DE NUEVAS PLATAFORMAS,C
Laboratorio,LABORATORIO 06,Miércoles,11:30,12:20,GSTI,GESTION DE SISTEMAS Y TECNOLOGIAS DE INFORMACION,C
Laboratorio,LABORATORIO 06,Jueves,11:30,12:20,CS,CALIDAD DE SOFTWARE,B
Laboratorio,LABORATORIO 06,Viernes,11:30,12:20,IDNP,INTRODUCCION AL DESARROLLO DE NUEVAS PLATAFORMAS,A
Laboratorio,LABORATORIO 06,Martes,12:20,13:10,GSTI,GESTION DE SISTEMAS Y TECNOLOGIAS DE INFORMACION,B
Laboratorio,LABORATORIO 06,Martes,13:10,14:00,GSTI,GESTION DE SISTEMAS Y TECNOLOGIAS DE INFORMACION,B
Laboratorio,LABORATORIO 06,Lunes,14:00,14:50,IDNP,INTRODUCCION AL DESARROLLO DE NUEVAS PLATAFORMAS,B
Laboratorio,LABORATORIO 06,Martes,14:00,14:50,AC,ARQUITECTURA DE COMPUTADORAS,B
Laboratorio,LABORATORIO 06,Miércoles,14:00,14:50,CS,CALIDAD DE SOFTWARE,C
Laboratorio,LABORATORIO 06,Jueves,14:00,14:50,GSTI,GESTION DE SISTEMAS Y TECNOLOGIAS DE INFORMACION,D
Laboratorio,LABORATORIO 06,Viernes,14:00,14:50,IDNP,INTRODUCCION AL DESARROLLO DE NUEVAS PLATAFORMAS,D
Laboratorio,LABORATORIO 06,Lunes,14:50,15:40,IDNP,INTRODUCCION AL DESARROLLO DE NUEVAS PLATAFORMAS,B
Laboratorio,LABORATORIO 06,Martes,14:50,15:40,AC,ARQUITECTURA DE COMPUTADORAS,B
Laboratorio,LABORATORIO 06,Miércoles,14:50,15:40,CS,CALIDAD DE SOFTWARE,C
Laboratorio,LABORATORIO 06,Jueves,14:50,15:40,GSTI,GESTION DE SISTEMAS Y TECNOLOGIAS DE INFORMACION,D
Laboratorio,LABORATORIO 06,Viernes,14:50,15:40,IDNP,INTRODUCCION AL DESARROLLO DE NUEVAS PLATAFORMAS,D
Laboratorio,LABORATORIO 06,Lunes,15:50,16:40,RyCD,REDES Y COMUNICACION DE DATOS,E
Laboratorio,LABORATORIO 06,Martes,15:50,16:40,AC,ARQUITECTURA DE COMPUTADORAS,D
Laboratorio,LABORATORIO 06,Jueves,15:50,16:40,TAIS,TOPICOS AVANZADOS EN INGENIERIA DE SOFTWARE,C
Laboratorio,LABORATORIO 06,Viernes,15:50,16:40,CS,CALIDAD DE SOFTWARE,E
Laboratorio,LABORATORIO 06,Lunes,16:40,17:30,RyCD,REDES Y COMUNICACION DE DATOS,E
Laboratorio,LABORATORIO 06,Martes,16:40,17:30,AC,ARQUITECTURA DE COMPUTADORAS,D
Laboratorio,LABORATORIO 06,Jueves,16:40,17:30,TAIS,TOPICOS AVANZADOS EN INGENIERIA DE SOFTWARE,C
Laboratorio,LABORATORIO 06,Viernes,16:40,17:30,CS,CALIDAD DE SOFTWARE,E
Laboratorio,LABORATORIO 06,Lunes,17:40,18:30,CS,CALIDAD DE SOFTWARE,A
Laboratorio,LABORATORIO 06,Martes,17:40,18:30,IDNP,INTRODUCCION AL DESARROLLO DE NUEVAS PLATAFORMAS,F
Laboratorio,LABORATORIO 06,Miércoles,17:40,18:30,DSJ,DESARROLLO DE SOFTWARE PARA JUEGOS,B
Laboratorio,LABORATORIO 06,Jueves,17:40,18:30,TAIS,TOPICOS AVANZADOS EN INGENIERIA DE SOFTWARE,D
Laboratorio,LABORATORIO 06,Viernes,17:40,18:30,DSJ,DESARROLLO DE SOFTWARE PARA JUEGOS,D
Laboratorio,LABORATORIO 06,Lunes,18:30,19:20,CS,CALIDAD DE SOFTWARE,A
Laboratorio,LABORATORIO 06,Martes,18:30,19:20,IDNP,INTRODUCCION AL DESARROLLO DE NUEVAS PLATAFORMAS,F
Laboratorio,LABORATORIO 06,Miércoles,18:30,19:20,DSJ,DESARROLLO DE SOFTWARE PARA JUEGOS,B
Laboratorio,LABORATORIO 06,Jueves,18:30,19:20,TAIS,TOPICOS AVANZADOS EN INGENIERIA DE SOFTWARE,D
Laboratorio,LABORATORIO 06,Viernes,18:30,19:20,DSJ,DESARROLLO DE SOFTWARE PARA JUEGOS,D
Teoría,AULA 302,Lunes,07:00,07:50,C1V,CALCULO EN UNA VARIABLE,A
Teoría,AULA 302,Martes,07:00,07:50,LCRA,"LINGÜÍSTICA, COMPRENSIÓN Y REDACCIÓN ACADÉMICA",A
Teoría,AULA 302,Jueves,07:00,07:50,LCRA,"LINGÜÍSTICA, COMPRENSIÓN Y REDACCIÓN ACADÉMICA",A
Teoría,AULA 302,Viernes,07:00,07:50,IDW,INTRODUCCION AL DESARROLLO WEB,A
Teoría,AULA 302,Lunes,07:50,08:40,C1V,CALCULO EN UNA VARIABLE,A
Teoría,AULA 302,Martes,07:50,08:40,LCRA,"LINGÜÍSTICA, COMPRENSIÓN Y REDACCIÓN ACADÉMICA",A
Teoría,AULA 302,Jueves,07:50,08:40,LCRA,"LINGÜÍSTICA, COMPRENSIÓN Y REDACCIÓN ACADÉMICA",A
Teoría,AULA 302,Viernes,07:50,08:40,IDW,INTRODUCCION AL DESARROLLO WEB,A
Teoría,AULA 302,Lunes,08:50,09:40,ED II,ESTRUCTURAS DISCRETAS II,A
Teoría,AULA 302,Jueves,08:50,09:40,ED II,ESTRUCTURAS DISCRETAS II,A
Teoría,AULA 302,Viernes,08:50,09:40,C1V,CALCULO EN UNA VARIABLE,A
Teoría,AULA 302,Lunes,09:40,10:30,ED II,ESTRUCTURAS DISCRETAS II,A
Teoría,AULA 302,Martes,09:40,10:30,RN,REALIDAD NACIONAL,A
Teoría,AULA 302,Jueves,09:40,10:30,ED II,ESTRUCTURAS DISCRETAS II,A
Teoría,AULA 302,Viernes,09:40,10:30,C1V,CALCULO EN UNA VARIABLE,A
Teoría,AULA 302,Lunes,10:40,11:30,DSOO,DESARROLLO DE SOFTWARE ORIENTADO A OBJETOS,A
Teoría,AULA 302,Martes,10:40,11:30,RN,REALIDAD NACIONAL,A
Teoría,AULA 302,Jueves,10:40,11:30,DSOO,DESARROLLO DE SOFTWARE ORIENTADO A OBJETOS,A
Teoría,AULA 302,Viernes,10:40,11:30,C1V,CALCULO EN UNA VARIABLE,C
Teoría,AULA 302,Lunes,11:30,12:20,DSOO,DESARROLLO DE SOFTWARE ORIENTADO A OBJETOS,A
Teoría,AULA 302,Jueves,11:30,12:20,DSOO,DESARROLLO DE SOFTWARE ORIENTADO A OBJETOS,A
Teoría,AULA 302,Viernes,11:30,12:20,C1V,CALCULO EN UNA VARIABLE,C
Teoría,AULA 302,Lunes,12:20,13:10,C1V,CALCULO EN UNA VARIABLE,C
Teoría,AULA 302,Martes,12:20,13:10,DSOO,DESARROLLO DE SOFTWARE ORIENTADO A OBJETOS,C
Teoría,AULA 302,Jueves,12:20,13:10,C1V,CALCULO EN UNA VARIABLE,C
Teoría,AULA 302,Lunes,13:10,14:00,C1V,CALCULO EN UNA VARIABLE,C
Teoría,AULA 302,Martes,13:10,14:00,DSOO,DESARROLLO DE SOFTWARE ORIENTADO A OBJETOS,C
Teoría,AULA 302,Jueves,13:10,14:00,C1V,CALCULO EN UNA VARIABLE,C
Teoría,AULA 302,Lunes,14:00,14:50,DSOO,DESARROLLO DE SOFTWARE ORIENTADO A OBJETOS,B
Teoría,AULA 302,Martes,14:00,14:50,TND,TALLER DE NARRATIVA DIGITAL,B
Teoría,AULA 302,Jueves,14:00,14:50,RN,REALIDAD NACIONAL,B
Teoría,AULA 302,Viernes,14:00,14:50,LCRA,"LINGÜÍSTICA, COMPRENSIÓN Y REDACCIÓN ACADÉMICA",B
Teoría,AULA 302,Lunes,14:50,15:40,DSOO,DESARROLLO DE SOFTWARE ORIENTADO A OBJETOS,B
Teoría,AULA 302,Martes,14:50,15:40,TND,TALLER DE NARRATIVA DIGITAL,B
Teoría,AULA 302,Jueves,14:50,15:40,RN,REALIDAD NACIONAL,B
Teoría,AULA 302,Viernes,14:50,15:40,LCRA,"LINGÜÍSTICA, COMPRENSIÓN Y REDACCIÓN ACADÉMICA",B
Teoría,AULA 302,Lunes,15:50,16:40,ED II,ESTRUCTURAS DISCRETAS II,C
Teoría,AULA 302,Viernes,15:50,16:40,C1V,CALCULO EN UNA VARIABLE,B
Teoría,AULA 302,Lunes,16:40,17:30,ED II,ESTRUCTURAS DISCRETAS II,C
Teoría,AULA 302,Martes,16:40,17:30,DSOO,DESARROLLO DE SOFTWARE ORIENTADO A OBJETOS,B
Teoría,AULA 302,Jueves,16:40,17:30,ED II,ESTRUCTURAS DISCRETAS II,B
Teoría,AULA 302,Viernes,16:40,17:30,C1V,CALCULO EN UNA VARIABLE,B
Teoría,AULA 302,Lunes,17:40,18:30,C1V,CALCULO EN UNA VARIABLE,B
Teoría,AULA 302,Martes,17:40,18:30,DSOO,DESARROLLO DE SOFTWARE ORIENTADO A OBJETOS,B
Teoría,AULA 302,Jueves,17:40,18:30,ED II,ESTRUCTURAS DISCRETAS II,B
Teoría,AULA 302,Viernes,17:40,18:30,ED II,ESTRUCTURAS DISCRETAS II,C
Teoría,AULA 302,Lunes,18:30,19:20,C1V,CALCULO EN UNA VARIABLE,B
Teoría,AULA 302,Martes,18:30,19:20,IDW,INTRODUCCION AL DESARROLLO WEB,B
Teoría,AULA 302,Jueves,18:30,19:20,IDW,INTRODUCCION AL DESARROLLO WEB,C
Teoría,AULA 302,Viernes,18:30,19:20,ED II,ESTRUCTURAS DISCRETAS II,C
Teoría,AULA 302,Martes,19:20,20:10,IDW,INTRODUCCION AL DESARROLLO WEB,B
Teoría,AULA 302,Jueves,19:20,20:10,IDW,INTRODUCCION AL DESARROLLO WEB,C
Teoría,AULA 305,Lunes,07:00,07:50,ECA,ECOLOGIA Y CONSERVACION AMBIENTAL,C
Teoría,AULA 305,Martes,07:00,07:50,ECA,ECOLOGIA Y CONSERVACION AMBIENTAL,A
Teoría,AULA 305,Miércoles,07:00,07:50,IHC,INTERACCION HUMANO COMPUTADOR,A
Teoría,AULA 305,Jueves,07:00,07:50,ECA,ECOLOGIA Y CONSERVACION AMBIENTAL,A
Teoría,AULA 305,Viernes,07:00,07:50,ECA,ECOLOGIA Y CONSERVACION AMBIENTAL,C
Teoría,AULA 305,Lunes,07:50,08:40,ECA,ECOLOGIA Y CONSERVACION AMBIENTAL,C
Teoría,AULA 305,Martes,07:50,08:40,ECA,ECOLOGIA Y CONSERVACION AMBIENTAL,A
Teoría,AULA 305,Miércoles,07:50,08:40,IHC,INTERACCION HUMANO COMPUTADOR,A
Teoría,AULA 305,Jueves,07:50,08:40,ECA,ECOLOGIA Y CONSERVACION AMBIENTAL,A
Teoría,AULA 305,Viernes,07:50,08:40,ECA,ECOLOGIA Y CONSERVACION AMBIENTAL,C
Teoría,AULA 305,Lunes,08:50,09:40,EMAT,"ESTADISTICA MATEMATICA, PROBABILIDADES Y METODOS EMPIRICOS",A
Teoría,AULA 305,Jueves,08:50,09:40,EMAT,"ESTADISTICA MATEMATICA, PROBABILIDADES Y METODOS EMPIRICOS",A
Teoría,AULA 305,Viernes,08:50,09:40,ADA,ANALISIS Y DISENO DE ALGORITMOS,A
Teoría,AULA 305,Lunes,09:40,10:30,EMAT,"ESTADISTICA MATEMATICA, PROBABILIDADES Y METODOS EMPIRICOS",A
Teoría,AULA 305,Martes,09:40,10:30,PPA,POLITICAS PUBLICAS Y ANTICORRUPCION,A
Teoría,AULA 305,Miércoles,09:40,10:30,OM,ORGANIZACIÓN Y METODOS,A
Teoría,AULA 305,Miércoles,09:40,10:30,ADA,ANALISIS Y DISENO DE ALGORITMOS,A
Teoría,AULA 305,Jueves,09:40,10:30,EMAT,"ESTADISTICA MATEMATICA, PROBABILIDADES Y METODOS EMPIRICOS",A
Teoría,AULA 305,Viernes,09:40,10:30,ADA,ANALISIS Y DISENO DE ALGORITMOS,A
Teoría,AULA 305,Lunes,10:40,11:30,AC,ARQUITECTURA DE COMPUTADORAS,A
Teoría,AULA 305,Martes,10:40,11:30,PPA,POLITICAS PUBLICAS Y ANTICORRUPCION,A
Teoría,AULA 305,Miércoles,10:40,11:30,OM,ORGANIZACIÓN Y METODOS,A
Teoría,AULA 305,Miércoles,10:40,11:30,ADA,ANALISIS Y DISENO DE ALGORITMOS,A
Teoría,AULA 305,Jueves,10:40,11:30,AC,ARQUITECTURA DE COMPUTADORAS,C
Teoría,AULA 305,Viernes,10:40,11:30,OM,ORGANIZACIÓN Y METODOS,A
Teoría,AULA 305,Lunes,11:30,12:20,AC,ARQUITECTURA DE COMPUTADORAS,A
Teoría,AULA 305,Jueves,11:30,12:20,AC,ARQUITECTURA DE COMPUTADORAS,C
Teoría,AULA 305,Viernes,11:30,12:20,OM,ORGANIZACIÓN Y METODOS,A
Teoría,AULA 305,Martes,12:20,13:10,ADA,ANALISIS Y DISENO DE ALGORITMOS,C
Teoría,AULA 305,Viernes,12:20,13:10,ADA,ANALISIS Y DISENO DE ALGORITMOS,C
Teoría,AULA 305,Martes,13:10,14:00,ADA,ANALISIS Y DISENO DE ALGORITMOS,C
Teoría,AULA 305,Viernes,13:10,14:00,ADA,ANALISIS Y DISENO DE ALGORITMOS,C
Teoría,AULA 305,Lunes,14:00,14:50,ADA,ANALISIS Y DISENO DE ALGORITMOS,B
Teoría,AULA 305,Martes,14:00,14:50,ECA,ECOLOGIA Y CONSERVACION AMBIENTAL,B
Teoría,AULA 305,Miércoles,14:00,14:50,PPA,POLITICAS PUBLICAS Y ANTICORRUPCION,B
Teoría,AULA 305,Miércoles,14:00,14:50,IHC,INTERACCION HUMANO COMPUTADOR,C
Teoría,AULA 305,Jueves,14:00,14:50,ADA,ANALISIS Y DISENO DE ALGORITMOS,B
Teoría,AULA 305,Viernes,14:00,14:50,ECA,ECOLOGIA Y CONSERVACION AMBIENTAL,B
Teoría,AULA 305,Lunes,14:50,15:40,ADA,ANALISIS Y DISENO DE ALGORITMOS,B
Teoría,AULA 305,Martes,14:50,15:40,ECA,ECOLOGIA Y CONSERVACION AMBIENTAL,B
Teoría,AULA 305,Miércoles,14:50,15:40,PPA,POLITICAS PUBLICAS Y ANTICORRUPCION,B
Teoría,AULA 305,Miércoles,14:50,15:40,IHC,INTERACCION HUMANO COMPUTADOR,C
Teoría,AULA 305,Jueves,14:50,15:40,ADA,ANALISIS Y DISENO DE ALGORITMOS,B
Teoría,AULA 305,Viernes,14:50,15:40,ECA,ECOLOGIA Y CONSERVACION AMBIENTAL,B
Teoría,AULA 305,Lunes,15:50,16:40,EMAT,"ESTADISTICA MATEMATICA, PROBABILIDADES Y METODOS EMPIRICOS",B
Teoría,AULA 305,Martes,15:50,16:40,IHC,INTERACCION HUMANO COMPUTADOR,B
Teoría,AULA 305,Jueves,15:50,16:40,AC,ARQUITECTURA DE COMPUTADORAS,B
Teoría,AULA 305,Viernes,15:50,16:40,EMAT,"ESTADISTICA MATEMATICA, PROBABILIDADES Y METODOS EMPIRICOS",B
Teoría,AULA 305,Lunes,16:40,17:30,EMAT,"ESTADISTICA MATEMATICA, PROBABILIDADES Y METODOS EMPIRICOS",B
Teoría,AULA 305,Martes,16:40,17:30,IHC,INTERACCION HUMANO COMPUTADOR,B
Teoría,AULA 305,Jueves,16:40,17:30,AC,ARQUITECTURA DE COMPUTADORAS,B
Teoría,AULA 305,Viernes,16:40,17:30,EMAT,"ESTADISTICA MATEMATICA, PROBABILIDADES Y METODOS EMPIRICOS",B
Teoría,AULA 305,Lunes,17:40,18:30,OM,ORGANIZACIÓN Y METODOS,B
Teoría,AULA 305,Viernes,17:40,18:30,OM,ORGANIZACIÓN Y METODOS,B
Teoría,AULA 305,Lunes,18:30,19:20,OM,ORGANIZACIÓN Y METODOS,B
Teoría,AULA 305,Martes,18:30,19:20,OM,ORGANIZACIÓN Y METODOS,C
Teoría,AULA 305,Jueves,18:30,19:20,OM,ORGANIZACIÓN Y METODOS,C
Teoría,AULA 305,Viernes,18:30,19:20,OM,ORGANIZACIÓN Y METODOS,B
Teoría,AULA 305,Martes,19:20,20:10,OM,ORGANIZACIÓN Y METODOS,C
Teoría,AULA 305,Jueves,19:20,20:10,OM,ORGANIZACIÓN Y METODOS,C
Teoría,AULA 201,Lunes,07:00,07:50,RyCD,REDES Y COMUNICACION DE DATOS,C
Teoría,AULA 201,Martes,07:00,07:50,RyCD,REDES Y COMUNICACION DE DATOS,A
Teoría,AULA 201,Miércoles,07:00,07:50,RyCD,REDES Y COMUNICACION DE DATOS,A
Teoría,AULA 201,Jueves,07:00,07:50,SO,SISTEMAS OPERATIVOS,A
Teoría,AULA 201,Viernes,07:00,07:50,SO,SISTEMAS OPERATIVOS,A
Teoría,AULA 201,Lunes,07:50,08:40,RyCD,REDES Y COMUNICACION DE DATOS,C
Teoría,AULA 201,Martes,07:50,08:40,RyCD,REDES Y COMUNICACION DE DATOS,A
Teoría,AULA 201,Miércoles,07:50,08:40,RyCD,REDES Y COMUNICACION DE DATOS,A
Teoría,AULA 201,Jueves,07:50,08:40,SO,SISTEMAS OPERATIVOS,A
Teoría,AULA 201,Viernes,07:50,08:40,SO,SISTEMAS OPERATIVOS,A
Teoría,AULA 201,Lunes,08:50,09:40,FSI,FUNDAMENTOS DE SISTEMAS DE INFORMACION,A
Teoría,AULA 201,Martes,08:50,09:40,CS,CONSTRUCCION DE SOFTWARE,A
Teoría,AULA 201,Miércoles,08:50,09:40,FSI,FUNDAMENTOS DE SISTEMAS DE INFORMACION,A
Teoría,AULA 201,Jueves,08:50,09:40,TO,TECNOLOGIA DE OBJETOS,A
Teoría,AULA 201,Viernes,08:50,09:40,FSI,FUNDAMENTOS DE SISTEMAS DE INFORMACION,C
Teoría,AULA 201,Lunes,09:40,10:30,FSI,FUNDAMENTOS DE SISTEMAS DE INFORMACION,A
Teoría,AULA 201,Martes,09:40,10:30,CS,CONSTRUCCION DE SOFTWARE,A
Teoría,AULA 201,Miércoles,09:40,10:30,FSI,FUNDAMENTOS DE SISTEMAS DE INFORMACION,A
Teoría,AULA 201,Jueves,09:40,10:30,TO,TECNOLOGIA DE OBJETOS,A
Teoría,AULA 201,Viernes,09:40,10:30,FSI,FUNDAMENTOS DE SISTEMAS DE INFORMACION,C
Teoría,AULA 201,Lunes,10:40,11:30,MN,METODOS NUMERICOS,A
Teoría,AULA 201,Jueves,10:40,11:30,MN,METODOS NUMERICOS,C
Teoría,AULA 201,Lunes,11:30,12:20,MN,METODOS NUMERICOS,A
Teoría,AULA 201,Miércoles,11:30,12:20,RyCD,REDES Y COMUNICACION DE DATOS,C
Teoría,AULA 201,Jueves,11:30,12:20,MN,METODOS NUMERICOS,C
Teoría,AULA 201,Viernes,11:30,12:20,TO,TECNOLOGIA DE OBJETOS,A
Teoría,AULA 201,Miércoles,12:20,13:10,RyCD,REDES Y COMUNICACION DE DATOS,C
Teoría,AULA 201,Viernes,12:20,13:10,TO,TECNOLOGIA DE OBJETOS,A
Teoría,AULA 201,Miércoles,13:10,14:00,TO,TECNOLOGIA DE OBJETOS,C
Teoría,AULA 201,Lunes,14:00,14:50,TO,TECNOLOGIA DE OBJETOS,B
Teoría,AULA 201,Martes,14:00,14:50,RyCD,REDES Y COMUNICACION DE DATOS,B
Teoría,AULA 201,Miércoles,14:00,14:50,TO,TECNOLOGIA DE OBJETOS,C
Teoría,AULA 201,Jueves,14:00,14:50,RyCD,REDES Y COMUNICACION DE DATOS,B
Teoría,AULA 201,Viernes,14:00,14:50,CS,CONSTRUCCION DE SOFTWARE,B
Teoría,AULA 201,Lunes,14:50,15:40,TO,TECNOLOGIA DE OBJETOS,B
Teoría,AULA 201,Martes,14:50,15:40,RyCD,REDES Y COMUNICACION DE DATOS,B
Teoría,AULA 201,Miércoles,14:50,15:40,SO,SISTEMAS OPERATIVOS,B
Teoría,AULA 201,Jueves,14:50,15:40,RyCD,REDES Y COMUNICACION DE DATOS,B
Teoría,AULA 201,Viernes,14:50,15:40,CS,CONSTRUCCION DE SOFTWARE,B
Teoría,AULA 201,Lunes,15:50,16:40,SO,SISTEMAS OPERATIVOS,B
Teoría,AULA 201,Martes,15:50,16:40,FSI,FUNDAMENTOS DE SISTEMAS DE INFORMACION,C
Teoría,AULA 201,Miércoles,15:50,16:40,SO,SISTEMAS OPERATIVOS,B
Teoría,AULA 201,Jueves,15:50,16:40,TO,TECNOLOGIA DE OBJETOS,B
Teoría,AULA 201,Viernes,15:50,16:40,TO,TECNOLOGIA DE OBJETOS,C
Teoría,AULA 201,Lunes,16:40,17:30,SO,SISTEMAS OPERATIVOS,B
Teoría,AULA 201,Martes,16:40,17:30,FSI,FUNDAMENTOS DE SISTEMAS DE INFORMACION,C
Teoría,AULA 201,Miércoles,16:40,17:30,FSI,FUNDAMENTOS DE SISTEMAS DE INFORMACION,B
Teoría,AULA 201,Jueves,16:40,17:30,TO,TECNOLOGIA DE OBJETOS,B
Teoría,AULA 201,Viernes,16:40,17:30,TO,TECNOLOGIA DE OBJETOS,C
Teoría,AULA 201,Lunes,17:40,18:30,FSI,FUNDAMENTOS DE SISTEMAS DE INFORMACION,B
Teoría,AULA 201,Martes,17:40,18:30,MN,METODOS NUMERICOS,B
Teoría,AULA 201,Miércoles,17:40,18:30,FSI,FUNDAMENTOS DE SISTEMAS DE INFORMACION,B
Teoría,AULA 201,Jueves,17:40,18:30,SO,SISTEMAS OPERATIVOS,C
Teoría,AULA 201,Viernes,17:40,18:30,SO,SISTEMAS OPERATIVOS,C
Teoría,AULA 201,Lunes,18:30,19:20,FSI,FUNDAMENTOS DE SISTEMAS DE INFORMACION,B
Teoría,AULA 201,Martes,18:30,19:20,MN,METODOS NUMERICOS,B
Teoría,AULA 201,Miércoles,18:30,19:20,CS,CONSTRUCCION DE SOFTWARE,C
Teoría,AULA 201,Jueves,18:30,19:20,SO,SISTEMAS OPERATIVOS,C
Teoría,AULA 201,Viernes,18:30,19:20,SO,SISTEMAS OPERATIVOS,C
Teoría,AULA 201,Miércoles,19:20,20:10,CS,CONSTRUCCION DE SOFTWARE,C
Teoría,AULA 202,Lunes,07:00,07:50,IDSE,INTRODUCCION AL DESARROLLO DE SOFTWARE DE ENTRETENIMIENTO,A
Teoría,AULA 202,Martes,07:00,07:50,CS,CALIDAD DE SOFTWARE,A
Teoría,AULA 202,Miércoles,07:00,07:50,NE,NEGOCIOS ELECTRONICOS,A
Teoría,AULA 202,Jueves,07:00,07:50,AS,AUDITORIA DE SISTEMAS,A
Teoría,AULA 202,Viernes,07:00,07:50,IDNP,INTRODUCCION AL DESARROLLO DE NUEVAS PLATAFORMAS,A
Teoría,AULA 202,Lunes,07:50,08:40,IDSE,INTRODUCCION AL DESARROLLO DE SOFTWARE DE ENTRETENIMIENTO,A
Teoría,AULA 202,Martes,07:50,08:40,CS,CALIDAD DE SOFTWARE,A
Teoría,AULA 202,Miércoles,07:50,08:40,NE,NEGOCIOS ELECTRONICOS,A
Teoría,AULA 202,Jueves,07:50,08:40,AS,AUDITORIA DE SISTEMAS,A
Teoría,AULA 202,Viernes,07:50,08:40,IDNP,INTRODUCCION AL DESARROLLO DE NUEVAS PLATAFORMAS,A
Teoría,AULA 202,Lunes,09:40,10:30,DAS,DISENO Y ARQUITECTURA DE SOFTWARE,A
Teoría,AULA 202,Miércoles,09:40,10:30,DAS,DISENO Y ARQUITECTURA DE SOFTWARE,C
Teoría,AULA 202,Jueves,09:40,10:30,DAS,DISENO Y ARQUITECTURA DE SOFTWARE,C
Teoría,AULA 202,Viernes,09:40,10:30,DAS,DISENO Y ARQUITECTURA DE SOFTWARE,A
Teoría,AULA 202,Lunes,10:40,11:30,DAS,DISENO Y ARQUITECTURA DE SOFTWARE,A
Teoría,AULA 202,Miércoles,10:40,11:30,DAS,DISENO Y ARQUITECTURA DE SOFTWARE,C
Teoría,AULA 202,Jueves,10:40,11:30,DAS,DISENO Y ARQUITECTURA DE SOFTWARE,C
Teoría,AULA 202,Viernes,10:40,11:30,DAS,DISENO Y ARQUITECTURA DE SOFTWARE,A
Teoría,AULA 202,Lunes,11:30,12:20,GPS,GESTION DE PROYECTOS DE SOFTWARE,A
Teoría,AULA 202,Martes,11:30,12:20,AFVE,ASPECTOS FORMALES DE VERIFICACION Y ESPECIFICACION,C
Teoría,AULA 202,Miércoles,11:30,12:20,AS,AUDITORIA DE SISTEMAS,A
Teoría,AULA 202,Jueves,11:30,12:20,AFVE,ASPECTOS FORMALES DE VERIFICACION Y ESPECIFICACION,A
Teoría,AULA 202,Viernes,11:30,12:20,CS,CALIDAD DE SOFTWARE,C
Teoría,AULA 202,Lunes,12:20,13:10,GPS,GESTION DE PROYECTOS DE SOFTWARE,A
Teoría,AULA 202,Martes,12:20,13:10,AFVE,ASPECTOS FORMALES DE VERIFICACION Y ESPECIFICACION,C
Teoría,AULA 202,Miércoles,12:20,13:10,AS,AUDITORIA DE SISTEMAS,A
Teoría,AULA 202,Jueves,12:20,13:10,AFVE,ASPECTOS FORMALES DE VERIFICACION Y ESPECIFICACION,A
Teoría,AULA 202,Viernes,12:20,13:10,CS,CALIDAD DE SOFTWARE,C
Teoría,AULA 202,Lunes,14:00,14:50,NE,NEGOCIOS ELECTRONICOS,B
Teoría,AULA 202,Lunes,14:00,14:50,GPS,GESTION DE PROYECTOS DE SOFTWARE,B
Teoría,AULA 202,Lunes,14:00,14:50,AS,AUDITORIA DE SISTEMAS,C
Teoría,AULA 202,Martes,14:00,14:50,DAS,DISENO Y ARQUITECTURA DE SOFTWARE,B
Teoría,AULA 202,Miércoles,14:00,14:50,AFVE,ASPECTOS FORMALES DE VERIFICACION Y ESPECIFICACION,B
Teoría,AULA 202,Jueves,14:00,14:50,AS,AUDITORIA DE SISTEMAS,B
Teoría,AULA 202,Viernes,14:00,14:50,DAS,DISENO Y ARQUITECTURA DE SOFTWARE,B
Teoría,AULA 202,Lunes,14:50,15:40,NE,NEGOCIOS ELECTRONICOS,B
Teoría,AULA 202,Lunes,14:50,15:40,GPS,GESTION DE PROYECTOS DE SOFTWARE,B
Teoría,AULA 202,Lunes,14:50,15:40,AS,AUDITORIA DE SISTEMAS,C
Teoría,AULA 202,Martes,14:50,15:40,DAS,DISENO Y ARQUITECTURA DE SOFTWARE,B
Teoría,AULA 202,Miércoles,14:50,15:40,AFVE,ASPECTOS FORMALES DE VERIFICACION Y ESPECIFICACION,B
Teoría,AULA 202,Jueves,14:50,15:40,AS,AUDITORIA DE SISTEMAS,B
Teoría,AULA 202,Viernes,14:50,15:40,DAS,DISENO Y ARQUITECTURA DE SOFTWARE,B
Teoría,AULA 202,Martes,15:50,16:40,CS,CALIDAD DE SOFTWARE,B
Teoría,AULA 202,Miércoles,15:50,16:40,IDSE,INTRODUCCION AL DESARROLLO DE SOFTWARE DE ENTRETENIMIENTO,B
Teoría,AULA 202,Viernes,15:50,16:40,GPS,GESTION DE PROYECTOS DE SOFTWARE,C
Teoría,AULA 202,Martes,16:40,17:30,CS,CALIDAD DE SOFTWARE,B
Teoría,AULA 202,Miércoles,16:40,17:30,IDSE,INTRODUCCION AL DESARROLLO DE SOFTWARE DE ENTRETENIMIENTO,B
Teoría,AULA 202,Jueves,16:40,17:30,IDNP,INTRODUCCION AL DESARROLLO DE NUEVAS PLATAFORMAS,B
Teoría,AULA 202,Viernes,16:40,17:30,GPS,GESTION DE PROYECTOS DE SOFTWARE,C
Teoría,AULA 202,Martes,17:40,18:30,AS,AUDITORIA DE SISTEMAS,C
Teoría,AULA 202,Jueves,17:40,18:30,IDNP,INTRODUCCION AL DESARROLLO DE NUEVAS PLATAFORMAS,B
Teoría,AULA 202,Viernes,17:40,18:30,AS,AUDITORIA DE SISTEMAS,B
Teoría,AULA 202,Martes,18:30,19:20,AS,AUDITORIA DE SISTEMAS,C
Teoría,AULA 202,Viernes,18:30,19:20,AS,AUDITORIA DE SISTEMAS,B
Teoría,AULA 301,Lunes,07:00,07:50,TI,TRABAJO DE INVESTIGACION,A
Teoría,AULA 205,Martes,07:00,07:50,GSTI,GESTION DE SISTEMAS Y TECNOLOGIAS DE INFORMACION,A
Teoría,AULA 301,Miércoles,07:00,07:50,TI,TRABAJO DE INVESTIGACION,A
Teoría,AULA 301,Jueves,07:00,07:50,TI,TRABAJO DE INVESTIGACION,C
Teoría,AULA 301,Viernes,07:00,07:50,TI,TRABAJO DE INVESTIGACION,C
Teoría,AULA 301,Lunes,07:50,08:40,TI,TRABAJO DE INVESTIGACION,A
Teoría,AULA 205,Martes,07:50,08:40,GSTI,GESTION DE SISTEMAS Y TECNOLOGIAS DE INFORMACION,A
Teoría,AULA 301,Miércoles,07:50,08:40,TI,TRABAJO DE INVESTIGACION,A
Teoría,AULA 301,Jueves,07:50,08:40,TI,TRABAJO DE INVESTIGACION,C
Teoría,AULA 301,Viernes,07:50,08:40,TI,TRABAJO DE INVESTIGACION,C
Teoría,AULA 205,Lunes,09:40,10:30,PPP,PRACTICAS PRE PROFESIONALES,A
Teoría,AULA 205,Martes,09:40,10:30,PPA,POLITICAS PUBLICAS Y ANTICORRUPCION,C
Teoría,AULA 205,Miércoles,09:40,10:30,DSJ,DESARROLLO DE SOFTWARE PARA JUEGOS,A
Teoría,AULA 205,Jueves,09:40,10:30,PE,PLATAFORMAS EMERGENTES,A
Teoría,AULA 205,Viernes,09:40,10:30,PPP,PRACTICAS PRE PROFESIONALES,A
Teoría,AULA 205,Lunes,10:40,11:30,PPP,PRACTICAS PRE PROFESIONALES,A
Teoría,AULA 205,Martes,10:40,11:30,PPA,POLITICAS PUBLICAS Y ANTICORRUPCION,C
Teoría,AULA 205,Miércoles,10:40,11:30,DSJ,DESARROLLO DE SOFTWARE PARA JUEGOS,A
Teoría,AULA 205,Jueves,10:40,11:30,PE,PLATAFORMAS EMERGENTES,A
Teoría,AULA 205,Viernes,10:40,11:30,PPP,PRACTICAS PRE PROFESIONALES,A
Teoría,AULA 205,Lunes,11:30,12:20,TI,TRABAJO DE INVESTIGACION,E
Teoría,AULA 205,Miércoles,11:30,12:20,TI,TRABAJO DE INVESTIGACION,E
Teoría,AULA 205,Jueves,11:30,12:20,TAIS,TOPICOS AVANZADOS EN INGENIERIA DE SOFTWARE,A
Teoría,AULA 205,Viernes,11:30,12:20,PIS2,PROYECTO DE INGENIERIA DE SOFTWARE 2,A
Teoría,AULA 205,Lunes,12:20,13:10,TI,TRABAJO DE INVESTIGACION,E
Teoría,AULA 205,Miércoles,12:20,13:10,TI,TRABAJO DE INVESTIGACION,E
Teoría,AULA 205,Jueves,12:20,13:10,TAIS,TOPICOS AVANZADOS EN INGENIERIA DE SOFTWARE,A
Teoría,AULA 205,Viernes,12:20,13:10,PIS2,PROYECTO DE INGENIERIA DE SOFTWARE 2,A
Teoría,AULA 205,Lunes,14:00,14:50,DSJ,DESARROLLO DE SOFTWARE PARA JUEGOS,B
Teoría,AULA 205,Martes,14:00,14:50,PPP,PRACTICAS PRE PROFESIONALES,B
Teoría,AULA 205,Miércoles,14:00,14:50,PPP,PRACTICAS PRE PROFESIONALES,B
Teoría,AULA 205,Lunes,14:50,15:40,DSJ,DESARROLLO DE SOFTWARE PARA JUEGOS,B
Teoría,AULA 205,Martes,14:50,15:40,PPP,PRACTICAS PRE PROFESIONALES,B
Teoría,AULA 205,Miércoles,14:50,15:40,PPP,PRACTICAS PRE PROFESIONALES,B
Teoría,AULA 205,Jueves,14:50,15:40,TI,TRABAJO DE INVESTIGACION,G
Teoría,AULA 205,Viernes,14:50,15:40,TI,TRABAJO DE INVESTIGACION,G
Teoría,AULA 205,Lunes,15:50,16:40,TAIS,TOPICOS AVANZADOS EN INGENIERIA DE SOFTWARE,B
Teoría,AULA 205,Martes,15:50,16:40,PIS2,PROYECTO DE INGENIERIA DE SOFTWARE 2,B
Teoría,AULA 205,Miércoles,15:50,16:40,GSTI,GESTION DE SISTEMAS Y TECNOLOGIAS DE INFORMACION,B
Teoría,AULA 205,Jueves,15:50,16:40,TI,TRABAJO DE INVESTIGACION,G
Teoría,AULA 205,Viernes,15:50,16:40,TI,TRABAJO DE INVESTIGACION,G
Teoría,AULA 205,Lunes,16:40,17:30,TAIS,TOPICOS AVANZADOS EN INGENIERIA DE SOFTWARE,B
Teoría,AULA 205,Martes,16:40,17:30,PIS2,PROYECTO DE INGENIERIA DE SOFTWARE 2,B
Teoría,AULA 205,Miércoles,16:40,17:30,GSTI,GESTION DE SISTEMAS Y TECNOLOGIAS DE INFORMACION,B
Teoría,AULA 205,Martes,17:40,18:30,TI,TRABAJO DE INVESTIGACION,B
Teoría,AULA 205,Miércoles,17:40,18:30,TI,TRABAJO DE INVESTIGACION,B
Teoría,AULA 205,Jueves,17:40,18:30,TI,TRABAJO DE INVESTIGACION,H
Teoría,AULA 205,Viernes,17:40,18:30,TI,TRABAJO DE INVESTIGACION,H
Teoría,AULA 205,Lunes,18:30,19:20,PE,PLATAFORMAS EMERGENTES,B
Teoría,AULA 205,Martes,18:30,19:20,TI,TRABAJO DE INVESTIGACION,B
Teoría,AULA 205,Miércoles,18:30,19:20,TI,TRABAJO DE INVESTIGACION,B
Teoría,AULA 205,Jueves,18:30,19:20,TI,TRABAJO DE INVESTIGACION,H
Teoría,AULA 205,Viernes,18:30,19:20,TI,TRABAJO DE INVESTIGACION,H
Teoría,AULA 205,Lunes,19:20,20:10,PE,PLATAFORMAS EMERGENTES,B
Teoría,UNKNOWN,Lunes,07:00,07:50,TI,TRABAJO DE INVESTIGACION,D
Teoría,UNKNOWN,Martes,07:00,07:50,LCRA,"LINGÜÍSTICA, COMPRENSIÓN Y REDACCIÓN ACADÉMICA",C
Teoría,UNKNOWN,Miércoles,07:00,07:50,NE,NEGOCIOS ELECTRONICOS,C
Teoría,UNKNOWN,Jueves,07:00,07:50,LCRA,"LINGÜÍSTICA, COMPRENSIÓN Y REDACCIÓN ACADÉMICA",C
Teoría,UNKNOWN,Viernes,07:00,07:50,TI,TRABAJO DE INVESTIGACION,D
Teoría,UNKNOWN,Lunes,07:50,08:40,TI,TRABAJO DE INVESTIGACION,D
Teoría,UNKNOWN,Martes,07:50,08:40,LCRA,"LINGÜÍSTICA, COMPRENSIÓN Y REDACCIÓN ACADÉMICA",C
Teoría,UNKNOWN,Miércoles,07:50,08:40,NE,NEGOCIOS ELECTRONICOS,C
Teoría,UNKNOWN,Jueves,07:50,08:40,LCRA,"LINGÜÍSTICA, COMPRENSIÓN Y REDACCIÓN ACADÉMICA",C
Teoría,UNKNOWN,Viernes,07:50,08:40,TI,TRABAJO DE INVESTIGACION,D
Teoría,UNKNOWN,Martes,09:40,10:30,RN,REALIDAD NACIONAL,C
Teoría,UNKNOWN,Jueves,09:40,10:30,TND,TALLER DE NARRATIVA DIGITAL,C
Teoría,UNKNOWN,Martes,10:40,11:30,RN,REALIDAD NACIONAL,C
Teoría,UNKNOWN,Jueves,10:40,11:30,TND,TALLER DE NARRATIVA DIGITAL,C
Teoría,UNKNOWN,Jueves,14:50,15:40,TI,TRABAJO DE INVESTIGACION,F
Teoría,UNKNOWN,Viernes,14:50,15:40,TI,TRABAJO DE INVESTIGACION,F
Teoría,UNKNOWN,Jueves,15:50,16:40,TI,TRABAJO DE INVESTIGACION,F
Teoría,UNKNOWN,Viernes,15:50,16:40,TI,TRABAJO DE INVESTIGACION,F
